--
-- PostgreSQL database dump
--

-- Dumped from database version 14.13 (Ubuntu 14.13-0ubuntu0.22.04.1)
-- Dumped by pg_dump version 14.13 (Ubuntu 14.13-0ubuntu0.22.04.1)

SET statement_timeout = 0;
SET lock_timeout = 0;
SET idle_in_transaction_session_timeout = 0;
SET client_encoding = 'UTF8';
SET standard_conforming_strings = on;
SELECT pg_catalog.set_config('search_path', '', false);
SET check_function_bodies = false;
SET xmloption = content;
SET client_min_messages = warning;
SET row_security = off;

--
-- Name: postgis; Type: EXTENSION; Schema: -; Owner: -
--

CREATE EXTENSION IF NOT EXISTS postgis WITH SCHEMA public;


--
-- Name: EXTENSION postgis; Type: COMMENT; Schema: -; Owner: 
--

COMMENT ON EXTENSION postgis IS 'PostGIS geometry and geography spatial types and functions';


SET default_tablespace = '';

SET default_table_access_method = heap;

--
-- Name: auth_group; Type: TABLE; Schema: public; Owner: davy
--

CREATE TABLE public.auth_group (
    id integer NOT NULL,
    name character varying(150) NOT NULL
);


ALTER TABLE public.auth_group OWNER TO davy;

--
-- Name: auth_group_id_seq; Type: SEQUENCE; Schema: public; Owner: davy
--

ALTER TABLE public.auth_group ALTER COLUMN id ADD GENERATED BY DEFAULT AS IDENTITY (
    SEQUENCE NAME public.auth_group_id_seq
    START WITH 1
    INCREMENT BY 1
    NO MINVALUE
    NO MAXVALUE
    CACHE 1
);


--
-- Name: auth_group_permissions; Type: TABLE; Schema: public; Owner: davy
--

CREATE TABLE public.auth_group_permissions (
    id bigint NOT NULL,
    group_id integer NOT NULL,
    permission_id integer NOT NULL
);


ALTER TABLE public.auth_group_permissions OWNER TO davy;

--
-- Name: auth_group_permissions_id_seq; Type: SEQUENCE; Schema: public; Owner: davy
--

ALTER TABLE public.auth_group_permissions ALTER COLUMN id ADD GENERATED BY DEFAULT AS IDENTITY (
    SEQUENCE NAME public.auth_group_permissions_id_seq
    START WITH 1
    INCREMENT BY 1
    NO MINVALUE
    NO MAXVALUE
    CACHE 1
);


--
-- Name: auth_permission; Type: TABLE; Schema: public; Owner: davy
--

CREATE TABLE public.auth_permission (
    id integer NOT NULL,
    name character varying(255) NOT NULL,
    content_type_id integer NOT NULL,
    codename character varying(100) NOT NULL
);


ALTER TABLE public.auth_permission OWNER TO davy;

--
-- Name: auth_permission_id_seq; Type: SEQUENCE; Schema: public; Owner: davy
--

ALTER TABLE public.auth_permission ALTER COLUMN id ADD GENERATED BY DEFAULT AS IDENTITY (
    SEQUENCE NAME public.auth_permission_id_seq
    START WITH 1
    INCREMENT BY 1
    NO MINVALUE
    NO MAXVALUE
    CACHE 1
);


--
-- Name: authtoken_token; Type: TABLE; Schema: public; Owner: davy
--

CREATE TABLE public.authtoken_token (
    key character varying(40) NOT NULL,
    created timestamp with time zone NOT NULL,
    user_id bigint NOT NULL
);


ALTER TABLE public.authtoken_token OWNER TO davy;

--
-- Name: django_admin_log; Type: TABLE; Schema: public; Owner: davy
--

CREATE TABLE public.django_admin_log (
    id integer NOT NULL,
    action_time timestamp with time zone NOT NULL,
    object_id text,
    object_repr character varying(200) NOT NULL,
    action_flag smallint NOT NULL,
    change_message text NOT NULL,
    content_type_id integer,
    user_id bigint NOT NULL,
    CONSTRAINT django_admin_log_action_flag_check CHECK ((action_flag >= 0))
);


ALTER TABLE public.django_admin_log OWNER TO davy;

--
-- Name: django_admin_log_id_seq; Type: SEQUENCE; Schema: public; Owner: davy
--

ALTER TABLE public.django_admin_log ALTER COLUMN id ADD GENERATED BY DEFAULT AS IDENTITY (
    SEQUENCE NAME public.django_admin_log_id_seq
    START WITH 1
    INCREMENT BY 1
    NO MINVALUE
    NO MAXVALUE
    CACHE 1
);


--
-- Name: django_content_type; Type: TABLE; Schema: public; Owner: davy
--

CREATE TABLE public.django_content_type (
    id integer NOT NULL,
    app_label character varying(100) NOT NULL,
    model character varying(100) NOT NULL
);


ALTER TABLE public.django_content_type OWNER TO davy;

--
-- Name: django_content_type_id_seq; Type: SEQUENCE; Schema: public; Owner: davy
--

ALTER TABLE public.django_content_type ALTER COLUMN id ADD GENERATED BY DEFAULT AS IDENTITY (
    SEQUENCE NAME public.django_content_type_id_seq
    START WITH 1
    INCREMENT BY 1
    NO MINVALUE
    NO MAXVALUE
    CACHE 1
);


--
-- Name: django_migrations; Type: TABLE; Schema: public; Owner: davy
--

CREATE TABLE public.django_migrations (
    id bigint NOT NULL,
    app character varying(255) NOT NULL,
    name character varying(255) NOT NULL,
    applied timestamp with time zone NOT NULL
);


ALTER TABLE public.django_migrations OWNER TO davy;

--
-- Name: django_migrations_id_seq; Type: SEQUENCE; Schema: public; Owner: davy
--

ALTER TABLE public.django_migrations ALTER COLUMN id ADD GENERATED BY DEFAULT AS IDENTITY (
    SEQUENCE NAME public.django_migrations_id_seq
    START WITH 1
    INCREMENT BY 1
    NO MINVALUE
    NO MAXVALUE
    CACHE 1
);


--
-- Name: django_session; Type: TABLE; Schema: public; Owner: davy
--

CREATE TABLE public.django_session (
    session_key character varying(40) NOT NULL,
    session_data text NOT NULL,
    expire_date timestamp with time zone NOT NULL
);


ALTER TABLE public.django_session OWNER TO davy;

--
-- Name: users_customuser; Type: TABLE; Schema: public; Owner: davy
--

CREATE TABLE public.users_customuser (
    id bigint NOT NULL,
    password character varying(128) NOT NULL,
    last_login timestamp with time zone,
    phone_number character varying(15) NOT NULL,
    email character varying(254),
    is_active boolean NOT NULL,
    is_staff boolean NOT NULL,
    is_superuser boolean NOT NULL
);


ALTER TABLE public.users_customuser OWNER TO davy;

--
-- Name: users_customuser_groups; Type: TABLE; Schema: public; Owner: davy
--

CREATE TABLE public.users_customuser_groups (
    id bigint NOT NULL,
    customuser_id bigint NOT NULL,
    group_id integer NOT NULL
);


ALTER TABLE public.users_customuser_groups OWNER TO davy;

--
-- Name: users_customuser_groups_id_seq; Type: SEQUENCE; Schema: public; Owner: davy
--

ALTER TABLE public.users_customuser_groups ALTER COLUMN id ADD GENERATED BY DEFAULT AS IDENTITY (
    SEQUENCE NAME public.users_customuser_groups_id_seq
    START WITH 1
    INCREMENT BY 1
    NO MINVALUE
    NO MAXVALUE
    CACHE 1
);


--
-- Name: users_customuser_id_seq; Type: SEQUENCE; Schema: public; Owner: davy
--

ALTER TABLE public.users_customuser ALTER COLUMN id ADD GENERATED BY DEFAULT AS IDENTITY (
    SEQUENCE NAME public.users_customuser_id_seq
    START WITH 1
    INCREMENT BY 1
    NO MINVALUE
    NO MAXVALUE
    CACHE 1
);


--
-- Name: users_customuser_user_permissions; Type: TABLE; Schema: public; Owner: davy
--

CREATE TABLE public.users_customuser_user_permissions (
    id bigint NOT NULL,
    customuser_id bigint NOT NULL,
    permission_id integer NOT NULL
);


ALTER TABLE public.users_customuser_user_permissions OWNER TO davy;

--
-- Name: users_customuser_user_permissions_id_seq; Type: SEQUENCE; Schema: public; Owner: davy
--

ALTER TABLE public.users_customuser_user_permissions ALTER COLUMN id ADD GENERATED BY DEFAULT AS IDENTITY (
    SEQUENCE NAME public.users_customuser_user_permissions_id_seq
    START WITH 1
    INCREMENT BY 1
    NO MINVALUE
    NO MAXVALUE
    CACHE 1
);


--
-- Name: users_pointimage; Type: TABLE; Schema: public; Owner: davy
--

CREATE TABLE public.users_pointimage (
    id bigint NOT NULL,
    description character varying(255) NOT NULL,
    uploaded_at timestamp with time zone NOT NULL,
    sensitive_point_id bigint NOT NULL,
    file character varying(100) NOT NULL
);


ALTER TABLE public.users_pointimage OWNER TO davy;

--
-- Name: users_pointimage_id_seq; Type: SEQUENCE; Schema: public; Owner: davy
--

ALTER TABLE public.users_pointimage ALTER COLUMN id ADD GENERATED BY DEFAULT AS IDENTITY (
    SEQUENCE NAME public.users_pointimage_id_seq
    START WITH 1
    INCREMENT BY 1
    NO MINVALUE
    NO MAXVALUE
    CACHE 1
);


--
-- Name: users_problemtype; Type: TABLE; Schema: public; Owner: davy
--

CREATE TABLE public.users_problemtype (
    id bigint NOT NULL,
    name character varying(100) NOT NULL,
    description text NOT NULL,
    icon character varying(100) NOT NULL,
    created_at timestamp with time zone NOT NULL
);


ALTER TABLE public.users_problemtype OWNER TO davy;

--
-- Name: users_problemtype_id_seq; Type: SEQUENCE; Schema: public; Owner: davy
--

ALTER TABLE public.users_problemtype ALTER COLUMN id ADD GENERATED BY DEFAULT AS IDENTITY (
    SEQUENCE NAME public.users_problemtype_id_seq
    START WITH 1
    INCREMENT BY 1
    NO MINVALUE
    NO MAXVALUE
    CACHE 1
);


--
-- Name: users_sensitivepoint; Type: TABLE; Schema: public; Owner: davy
--

CREATE TABLE public.users_sensitivepoint (
    id bigint NOT NULL,
    location public.geometry(Point,4326) NOT NULL,
    sector character varying(255) NOT NULL,
    description text NOT NULL,
    status character varying(20) NOT NULL,
    created_at timestamp with time zone NOT NULL,
    updated_at timestamp with time zone NOT NULL,
    created_by_id bigint NOT NULL,
    problem_type_id bigint NOT NULL
);


ALTER TABLE public.users_sensitivepoint OWNER TO davy;

--
-- Name: users_sensitivepoint_id_seq; Type: SEQUENCE; Schema: public; Owner: davy
--

ALTER TABLE public.users_sensitivepoint ALTER COLUMN id ADD GENERATED BY DEFAULT AS IDENTITY (
    SEQUENCE NAME public.users_sensitivepoint_id_seq
    START WITH 1
    INCREMENT BY 1
    NO MINVALUE
    NO MAXVALUE
    CACHE 1
);


--
-- Data for Name: auth_group; Type: TABLE DATA; Schema: public; Owner: davy
--

COPY public.auth_group (id, name) FROM stdin;
\.


--
-- Data for Name: auth_group_permissions; Type: TABLE DATA; Schema: public; Owner: davy
--

COPY public.auth_group_permissions (id, group_id, permission_id) FROM stdin;
\.


--
-- Data for Name: auth_permission; Type: TABLE DATA; Schema: public; Owner: davy
--

COPY public.auth_permission (id, name, content_type_id, codename) FROM stdin;
1	Can add custom user	1	add_customuser
2	Can change custom user	1	change_customuser
3	Can delete custom user	1	delete_customuser
4	Can view custom user	1	view_customuser
5	Can add problem type	2	add_problemtype
6	Can change problem type	2	change_problemtype
7	Can delete problem type	2	delete_problemtype
8	Can view problem type	2	view_problemtype
9	Can add sensitive point	3	add_sensitivepoint
10	Can change sensitive point	3	change_sensitivepoint
11	Can delete sensitive point	3	delete_sensitivepoint
12	Can view sensitive point	3	view_sensitivepoint
13	Can add point image	4	add_pointimage
14	Can change point image	4	change_pointimage
15	Can delete point image	4	delete_pointimage
16	Can view point image	4	view_pointimage
17	Can add Token	5	add_token
18	Can change Token	5	change_token
19	Can delete Token	5	delete_token
20	Can view Token	5	view_token
21	Can add Token	6	add_tokenproxy
22	Can change Token	6	change_tokenproxy
23	Can delete Token	6	delete_tokenproxy
24	Can view Token	6	view_tokenproxy
25	Can add log entry	7	add_logentry
26	Can change log entry	7	change_logentry
27	Can delete log entry	7	delete_logentry
28	Can view log entry	7	view_logentry
29	Can add permission	8	add_permission
30	Can change permission	8	change_permission
31	Can delete permission	8	delete_permission
32	Can view permission	8	view_permission
33	Can add group	9	add_group
34	Can change group	9	change_group
35	Can delete group	9	delete_group
36	Can view group	9	view_group
37	Can add content type	10	add_contenttype
38	Can change content type	10	change_contenttype
39	Can delete content type	10	delete_contenttype
40	Can view content type	10	view_contenttype
41	Can add session	11	add_session
42	Can change session	11	change_session
43	Can delete session	11	delete_session
44	Can view session	11	view_session
\.


--
-- Data for Name: authtoken_token; Type: TABLE DATA; Schema: public; Owner: davy
--

COPY public.authtoken_token (key, created, user_id) FROM stdin;
\.


--
-- Data for Name: django_admin_log; Type: TABLE DATA; Schema: public; Owner: davy
--

COPY public.django_admin_log (id, action_time, object_id, object_repr, action_flag, change_message, content_type_id, user_id) FROM stdin;
\.


--
-- Data for Name: django_content_type; Type: TABLE DATA; Schema: public; Owner: davy
--

COPY public.django_content_type (id, app_label, model) FROM stdin;
1	users	customuser
2	users	problemtype
3	users	sensitivepoint
4	users	pointimage
5	authtoken	token
6	authtoken	tokenproxy
7	admin	logentry
8	auth	permission
9	auth	group
10	contenttypes	contenttype
11	sessions	session
\.


--
-- Data for Name: django_migrations; Type: TABLE DATA; Schema: public; Owner: davy
--

COPY public.django_migrations (id, app, name, applied) FROM stdin;
1	users	0001_initial	2024-11-12 12:02:05.292313+01
2	contenttypes	0001_initial	2024-11-12 12:02:05.419317+01
3	admin	0001_initial	2024-11-12 12:02:05.727968+01
4	admin	0002_logentry_remove_auto_add	2024-11-12 12:02:05.758478+01
5	admin	0003_logentry_add_action_flag_choices	2024-11-12 12:02:05.787915+01
6	contenttypes	0002_remove_content_type_name	2024-11-12 12:02:05.893207+01
7	auth	0001_initial	2024-11-12 12:02:06.808684+01
8	auth	0002_alter_permission_name_max_length	2024-11-12 12:02:06.913592+01
9	auth	0003_alter_user_email_max_length	2024-11-12 12:02:06.966727+01
10	auth	0004_alter_user_username_opts	2024-11-12 12:02:07.063374+01
11	auth	0005_alter_user_last_login_null	2024-11-12 12:02:07.179347+01
12	auth	0006_require_contenttypes_0002	2024-11-12 12:02:07.204454+01
13	auth	0007_alter_validators_add_error_messages	2024-11-12 12:02:07.268643+01
14	auth	0008_alter_user_username_max_length	2024-11-12 12:02:07.323318+01
15	auth	0009_alter_user_last_name_max_length	2024-11-12 12:02:07.384988+01
16	auth	0010_alter_group_name_max_length	2024-11-12 12:02:07.469734+01
17	auth	0011_update_proxy_permissions	2024-11-12 12:02:07.528293+01
18	auth	0012_alter_user_first_name_max_length	2024-11-12 12:02:07.57285+01
19	authtoken	0001_initial	2024-11-12 12:02:07.89656+01
20	authtoken	0002_auto_20160226_1747	2024-11-12 12:02:08.196515+01
21	authtoken	0003_tokenproxy	2024-11-12 12:02:08.286212+01
22	authtoken	0004_alter_tokenproxy_options	2024-11-12 12:02:08.328115+01
23	sessions	0001_initial	2024-11-12 12:02:08.610444+01
24	users	0002_customuser_is_superuser	2024-11-12 12:02:08.666102+01
25	users	0003_customuser_groups_customuser_user_permissions	2024-11-12 12:02:09.297964+01
26	users	0004_problemtype_sensitivepoint_pointimage	2024-11-12 12:02:09.951482+01
27	users	0005_remove_pointimage_image_pointimage_file_and_more	2024-11-14 10:53:19.769323+01
\.


--
-- Data for Name: django_session; Type: TABLE DATA; Schema: public; Owner: davy
--

COPY public.django_session (session_key, session_data, expire_date) FROM stdin;
\.


--
-- Data for Name: spatial_ref_sys; Type: TABLE DATA; Schema: public; Owner: davy
--

COPY public.spatial_ref_sys (srid, auth_name, auth_srid, srtext, proj4text) FROM stdin;
\.


--
-- Data for Name: users_customuser; Type: TABLE DATA; Schema: public; Owner: davy
--

COPY public.users_customuser (id, password, last_login, phone_number, email, is_active, is_staff, is_superuser) FROM stdin;
1	pbkdf2_sha256$870000$RCCRI165EvenNO2m12J48D$/gNgw7zwca6iH0IRai980pY/ff2G8B0ACNwb4/s8OYc=	\N	697379517	\N	t	t	t
2	pbkdf2_sha256$870000$H2Bh9lRDfe7RDOu5XEPygM$0DpMJPInP2RDSyb+ocztgUuIATSoEPoRwTXqZP6Gm6M=	\N	+237676469014	\N	t	f	f
3	pbkdf2_sha256$870000$whtlkhxVujdjBns5ZB4J0Z$IVx2ueRp2WuUGfOA/vYA6U4lA8SJb2ir20BoqzRzoTk=	\N	+237697379517	\N	t	f	f
4	pbkdf2_sha256$870000$p35yEMw1csTOsCPgIzTTGQ$8u3SrSWsNJIIyELXmQGG5H0/rmt4HQY7mNav2hMX6/o=	\N	676469014	\N	t	t	t
\.


--
-- Data for Name: users_customuser_groups; Type: TABLE DATA; Schema: public; Owner: davy
--

COPY public.users_customuser_groups (id, customuser_id, group_id) FROM stdin;
\.


--
-- Data for Name: users_customuser_user_permissions; Type: TABLE DATA; Schema: public; Owner: davy
--

COPY public.users_customuser_user_permissions (id, customuser_id, permission_id) FROM stdin;
\.


--
-- Data for Name: users_pointimage; Type: TABLE DATA; Schema: public; Owner: davy
--

COPY public.users_pointimage (id, description, uploaded_at, sensitive_point_id, file) FROM stdin;
1	bla bal	2024-11-14 11:29:14.646359+01	1	sensitive_points/IMG_1213.jpg
2	bla bal	2024-11-14 11:30:07.515109+01	1	sensitive_points/IMG_1213_ya9IF1M.jpg
3	bla bal	2024-11-14 11:40:47.118239+01	1	sensitive_points/IMG_1213_MtIRVJv.jpg
4	bla bal	2024-11-14 11:41:41.173146+01	1	sensitive_points/IMG_1213_rG2pSmX.jpg
5	bla bal	2024-11-14 11:50:58.418813+01	1	sensitive_points/IMG_1213_0ikL7d4.jpg
6	bla bal	2024-11-14 11:51:39.324553+01	1	sensitive_points/IMG_1213_L1leEVG.jpg
\.


--
-- Data for Name: users_problemtype; Type: TABLE DATA; Schema: public; Owner: davy
--

COPY public.users_problemtype (id, name, description, icon, created_at) FROM stdin;
1	Voirie	Problèmes liés aux routes, trottoirs, nids-de-poule	road_icon	2024-11-14 08:45:29.702403+01
2	Éclairage	Problèmes d'éclairage public, lampadaires défectueux	light_icon	2024-11-14 08:46:01.344681+01
3	Propreté	Dépôts sauvages, poubelles qui débordent, graffitis	trash_icon	2024-11-14 08:46:17.219435+01
4	Espaces verts	Problèmes liés aux arbres, jardins publics, végétation	tree_icon	2024-11-14 08:46:48.56323+01
5	Sécurité	Dangers immédiats, situations à risque	warning_icon	2024-11-14 08:46:55.127192+01
\.


--
-- Data for Name: users_sensitivepoint; Type: TABLE DATA; Schema: public; Owner: davy
--

COPY public.users_sensitivepoint (id, location, sector, description, status, created_at, updated_at, created_by_id, problem_type_id) FROM stdin;
1	0101000020E6100000A835CD3B4ED1024076E09C11A56D4840	Centre-ville	Large nid-de-poule sur la chaussée, risque pour les véhicules	PENDING	2024-11-14 08:48:09.460876+01	2024-11-14 08:48:09.460992+01	1	1
2	0101000020E6100000A835CD3B4ED1024076E09C11A56D4840	Centre-ville	Test d'ajout d'image	PENDING	2024-11-14 10:07:35.795205+01	2024-11-14 10:07:35.795329+01	1	1
\.


--
-- Name: auth_group_id_seq; Type: SEQUENCE SET; Schema: public; Owner: davy
--

SELECT pg_catalog.setval('public.auth_group_id_seq', 1, false);


--
-- Name: auth_group_permissions_id_seq; Type: SEQUENCE SET; Schema: public; Owner: davy
--

SELECT pg_catalog.setval('public.auth_group_permissions_id_seq', 1, false);


--
-- Name: auth_permission_id_seq; Type: SEQUENCE SET; Schema: public; Owner: davy
--

SELECT pg_catalog.setval('public.auth_permission_id_seq', 44, true);


--
-- Name: django_admin_log_id_seq; Type: SEQUENCE SET; Schema: public; Owner: davy
--

SELECT pg_catalog.setval('public.django_admin_log_id_seq', 1, false);


--
-- Name: django_content_type_id_seq; Type: SEQUENCE SET; Schema: public; Owner: davy
--

SELECT pg_catalog.setval('public.django_content_type_id_seq', 11, true);


--
-- Name: django_migrations_id_seq; Type: SEQUENCE SET; Schema: public; Owner: davy
--

SELECT pg_catalog.setval('public.django_migrations_id_seq', 27, true);


--
-- Name: users_customuser_groups_id_seq; Type: SEQUENCE SET; Schema: public; Owner: davy
--

SELECT pg_catalog.setval('public.users_customuser_groups_id_seq', 1, false);


--
-- Name: users_customuser_id_seq; Type: SEQUENCE SET; Schema: public; Owner: davy
--

SELECT pg_catalog.setval('public.users_customuser_id_seq', 4, true);


--
-- Name: users_customuser_user_permissions_id_seq; Type: SEQUENCE SET; Schema: public; Owner: davy
--

SELECT pg_catalog.setval('public.users_customuser_user_permissions_id_seq', 1, false);


--
-- Name: users_pointimage_id_seq; Type: SEQUENCE SET; Schema: public; Owner: davy
--

SELECT pg_catalog.setval('public.users_pointimage_id_seq', 6, true);


--
-- Name: users_problemtype_id_seq; Type: SEQUENCE SET; Schema: public; Owner: davy
--

SELECT pg_catalog.setval('public.users_problemtype_id_seq', 5, true);


--
-- Name: users_sensitivepoint_id_seq; Type: SEQUENCE SET; Schema: public; Owner: davy
--

SELECT pg_catalog.setval('public.users_sensitivepoint_id_seq', 2, true);


--
-- Name: auth_group auth_group_name_key; Type: CONSTRAINT; Schema: public; Owner: davy
--

ALTER TABLE ONLY public.auth_group
    ADD CONSTRAINT auth_group_name_key UNIQUE (name);


--
-- Name: auth_group_permissions auth_group_permissions_group_id_permission_id_0cd325b0_uniq; Type: CONSTRAINT; Schema: public; Owner: davy
--

ALTER TABLE ONLY public.auth_group_permissions
    ADD CONSTRAINT auth_group_permissions_group_id_permission_id_0cd325b0_uniq UNIQUE (group_id, permission_id);


--
-- Name: auth_group_permissions auth_group_permissions_pkey; Type: CONSTRAINT; Schema: public; Owner: davy
--

ALTER TABLE ONLY public.auth_group_permissions
    ADD CONSTRAINT auth_group_permissions_pkey PRIMARY KEY (id);


--
-- Name: auth_group auth_group_pkey; Type: CONSTRAINT; Schema: public; Owner: davy
--

ALTER TABLE ONLY public.auth_group
    ADD CONSTRAINT auth_group_pkey PRIMARY KEY (id);


--
-- Name: auth_permission auth_permission_content_type_id_codename_01ab375a_uniq; Type: CONSTRAINT; Schema: public; Owner: davy
--

ALTER TABLE ONLY public.auth_permission
    ADD CONSTRAINT auth_permission_content_type_id_codename_01ab375a_uniq UNIQUE (content_type_id, codename);


--
-- Name: auth_permission auth_permission_pkey; Type: CONSTRAINT; Schema: public; Owner: davy
--

ALTER TABLE ONLY public.auth_permission
    ADD CONSTRAINT auth_permission_pkey PRIMARY KEY (id);


--
-- Name: authtoken_token authtoken_token_pkey; Type: CONSTRAINT; Schema: public; Owner: davy
--

ALTER TABLE ONLY public.authtoken_token
    ADD CONSTRAINT authtoken_token_pkey PRIMARY KEY (key);


--
-- Name: authtoken_token authtoken_token_user_id_key; Type: CONSTRAINT; Schema: public; Owner: davy
--

ALTER TABLE ONLY public.authtoken_token
    ADD CONSTRAINT authtoken_token_user_id_key UNIQUE (user_id);


--
-- Name: django_admin_log django_admin_log_pkey; Type: CONSTRAINT; Schema: public; Owner: davy
--

ALTER TABLE ONLY public.django_admin_log
    ADD CONSTRAINT django_admin_log_pkey PRIMARY KEY (id);


--
-- Name: django_content_type django_content_type_app_label_model_76bd3d3b_uniq; Type: CONSTRAINT; Schema: public; Owner: davy
--

ALTER TABLE ONLY public.django_content_type
    ADD CONSTRAINT django_content_type_app_label_model_76bd3d3b_uniq UNIQUE (app_label, model);


--
-- Name: django_content_type django_content_type_pkey; Type: CONSTRAINT; Schema: public; Owner: davy
--

ALTER TABLE ONLY public.django_content_type
    ADD CONSTRAINT django_content_type_pkey PRIMARY KEY (id);


--
-- Name: django_migrations django_migrations_pkey; Type: CONSTRAINT; Schema: public; Owner: davy
--

ALTER TABLE ONLY public.django_migrations
    ADD CONSTRAINT django_migrations_pkey PRIMARY KEY (id);


--
-- Name: django_session django_session_pkey; Type: CONSTRAINT; Schema: public; Owner: davy
--

ALTER TABLE ONLY public.django_session
    ADD CONSTRAINT django_session_pkey PRIMARY KEY (session_key);


--
-- Name: users_customuser_groups users_customuser_groups_customuser_id_group_id_76b619e3_uniq; Type: CONSTRAINT; Schema: public; Owner: davy
--

ALTER TABLE ONLY public.users_customuser_groups
    ADD CONSTRAINT users_customuser_groups_customuser_id_group_id_76b619e3_uniq UNIQUE (customuser_id, group_id);


--
-- Name: users_customuser_groups users_customuser_groups_pkey; Type: CONSTRAINT; Schema: public; Owner: davy
--

ALTER TABLE ONLY public.users_customuser_groups
    ADD CONSTRAINT users_customuser_groups_pkey PRIMARY KEY (id);


--
-- Name: users_customuser users_customuser_phone_number_key; Type: CONSTRAINT; Schema: public; Owner: davy
--

ALTER TABLE ONLY public.users_customuser
    ADD CONSTRAINT users_customuser_phone_number_key UNIQUE (phone_number);


--
-- Name: users_customuser users_customuser_pkey; Type: CONSTRAINT; Schema: public; Owner: davy
--

ALTER TABLE ONLY public.users_customuser
    ADD CONSTRAINT users_customuser_pkey PRIMARY KEY (id);


--
-- Name: users_customuser_user_permissions users_customuser_user_pe_customuser_id_permission_7a7debf6_uniq; Type: CONSTRAINT; Schema: public; Owner: davy
--

ALTER TABLE ONLY public.users_customuser_user_permissions
    ADD CONSTRAINT users_customuser_user_pe_customuser_id_permission_7a7debf6_uniq UNIQUE (customuser_id, permission_id);


--
-- Name: users_customuser_user_permissions users_customuser_user_permissions_pkey; Type: CONSTRAINT; Schema: public; Owner: davy
--

ALTER TABLE ONLY public.users_customuser_user_permissions
    ADD CONSTRAINT users_customuser_user_permissions_pkey PRIMARY KEY (id);


--
-- Name: users_pointimage users_pointimage_pkey; Type: CONSTRAINT; Schema: public; Owner: davy
--

ALTER TABLE ONLY public.users_pointimage
    ADD CONSTRAINT users_pointimage_pkey PRIMARY KEY (id);


--
-- Name: users_problemtype users_problemtype_pkey; Type: CONSTRAINT; Schema: public; Owner: davy
--

ALTER TABLE ONLY public.users_problemtype
    ADD CONSTRAINT users_problemtype_pkey PRIMARY KEY (id);


--
-- Name: users_sensitivepoint users_sensitivepoint_pkey; Type: CONSTRAINT; Schema: public; Owner: davy
--

ALTER TABLE ONLY public.users_sensitivepoint
    ADD CONSTRAINT users_sensitivepoint_pkey PRIMARY KEY (id);


--
-- Name: auth_group_name_a6ea08ec_like; Type: INDEX; Schema: public; Owner: davy
--

CREATE INDEX auth_group_name_a6ea08ec_like ON public.auth_group USING btree (name varchar_pattern_ops);


--
-- Name: auth_group_permissions_group_id_b120cbf9; Type: INDEX; Schema: public; Owner: davy
--

CREATE INDEX auth_group_permissions_group_id_b120cbf9 ON public.auth_group_permissions USING btree (group_id);


--
-- Name: auth_group_permissions_permission_id_84c5c92e; Type: INDEX; Schema: public; Owner: davy
--

CREATE INDEX auth_group_permissions_permission_id_84c5c92e ON public.auth_group_permissions USING btree (permission_id);


--
-- Name: auth_permission_content_type_id_2f476e4b; Type: INDEX; Schema: public; Owner: davy
--

CREATE INDEX auth_permission_content_type_id_2f476e4b ON public.auth_permission USING btree (content_type_id);


--
-- Name: authtoken_token_key_10f0b77e_like; Type: INDEX; Schema: public; Owner: davy
--

CREATE INDEX authtoken_token_key_10f0b77e_like ON public.authtoken_token USING btree (key varchar_pattern_ops);


--
-- Name: django_admin_log_content_type_id_c4bce8eb; Type: INDEX; Schema: public; Owner: davy
--

CREATE INDEX django_admin_log_content_type_id_c4bce8eb ON public.django_admin_log USING btree (content_type_id);


--
-- Name: django_admin_log_user_id_c564eba6; Type: INDEX; Schema: public; Owner: davy
--

CREATE INDEX django_admin_log_user_id_c564eba6 ON public.django_admin_log USING btree (user_id);


--
-- Name: django_session_expire_date_a5c62663; Type: INDEX; Schema: public; Owner: davy
--

CREATE INDEX django_session_expire_date_a5c62663 ON public.django_session USING btree (expire_date);


--
-- Name: django_session_session_key_c0390e0f_like; Type: INDEX; Schema: public; Owner: davy
--

CREATE INDEX django_session_session_key_c0390e0f_like ON public.django_session USING btree (session_key varchar_pattern_ops);


--
-- Name: users_customuser_groups_customuser_id_958147bf; Type: INDEX; Schema: public; Owner: davy
--

CREATE INDEX users_customuser_groups_customuser_id_958147bf ON public.users_customuser_groups USING btree (customuser_id);


--
-- Name: users_customuser_groups_group_id_01390b14; Type: INDEX; Schema: public; Owner: davy
--

CREATE INDEX users_customuser_groups_group_id_01390b14 ON public.users_customuser_groups USING btree (group_id);


--
-- Name: users_customuser_phone_number_c8ef076b_like; Type: INDEX; Schema: public; Owner: davy
--

CREATE INDEX users_customuser_phone_number_c8ef076b_like ON public.users_customuser USING btree (phone_number varchar_pattern_ops);


--
-- Name: users_customuser_user_permissions_customuser_id_5771478b; Type: INDEX; Schema: public; Owner: davy
--

CREATE INDEX users_customuser_user_permissions_customuser_id_5771478b ON public.users_customuser_user_permissions USING btree (customuser_id);


--
-- Name: users_customuser_user_permissions_permission_id_baaa2f74; Type: INDEX; Schema: public; Owner: davy
--

CREATE INDEX users_customuser_user_permissions_permission_id_baaa2f74 ON public.users_customuser_user_permissions USING btree (permission_id);


--
-- Name: users_pointimage_sensitive_point_id_6e05d1ab; Type: INDEX; Schema: public; Owner: davy
--

CREATE INDEX users_pointimage_sensitive_point_id_6e05d1ab ON public.users_pointimage USING btree (sensitive_point_id);


--
-- Name: users_sensitivepoint_created_by_id_f7befbca; Type: INDEX; Schema: public; Owner: davy
--

CREATE INDEX users_sensitivepoint_created_by_id_f7befbca ON public.users_sensitivepoint USING btree (created_by_id);


--
-- Name: users_sensitivepoint_location_17da3c62_id; Type: INDEX; Schema: public; Owner: davy
--

CREATE INDEX users_sensitivepoint_location_17da3c62_id ON public.users_sensitivepoint USING gist (location);


--
-- Name: users_sensitivepoint_problem_type_id_604116a4; Type: INDEX; Schema: public; Owner: davy
--

CREATE INDEX users_sensitivepoint_problem_type_id_604116a4 ON public.users_sensitivepoint USING btree (problem_type_id);


--
-- Name: auth_group_permissions auth_group_permissio_permission_id_84c5c92e_fk_auth_perm; Type: FK CONSTRAINT; Schema: public; Owner: davy
--

ALTER TABLE ONLY public.auth_group_permissions
    ADD CONSTRAINT auth_group_permissio_permission_id_84c5c92e_fk_auth_perm FOREIGN KEY (permission_id) REFERENCES public.auth_permission(id) DEFERRABLE INITIALLY DEFERRED;


--
-- Name: auth_group_permissions auth_group_permissions_group_id_b120cbf9_fk_auth_group_id; Type: FK CONSTRAINT; Schema: public; Owner: davy
--

ALTER TABLE ONLY public.auth_group_permissions
    ADD CONSTRAINT auth_group_permissions_group_id_b120cbf9_fk_auth_group_id FOREIGN KEY (group_id) REFERENCES public.auth_group(id) DEFERRABLE INITIALLY DEFERRED;


--
-- Name: auth_permission auth_permission_content_type_id_2f476e4b_fk_django_co; Type: FK CONSTRAINT; Schema: public; Owner: davy
--

ALTER TABLE ONLY public.auth_permission
    ADD CONSTRAINT auth_permission_content_type_id_2f476e4b_fk_django_co FOREIGN KEY (content_type_id) REFERENCES public.django_content_type(id) DEFERRABLE INITIALLY DEFERRED;


--
-- Name: authtoken_token authtoken_token_user_id_35299eff_fk_users_customuser_id; Type: FK CONSTRAINT; Schema: public; Owner: davy
--

ALTER TABLE ONLY public.authtoken_token
    ADD CONSTRAINT authtoken_token_user_id_35299eff_fk_users_customuser_id FOREIGN KEY (user_id) REFERENCES public.users_customuser(id) DEFERRABLE INITIALLY DEFERRED;


--
-- Name: django_admin_log django_admin_log_content_type_id_c4bce8eb_fk_django_co; Type: FK CONSTRAINT; Schema: public; Owner: davy
--

ALTER TABLE ONLY public.django_admin_log
    ADD CONSTRAINT django_admin_log_content_type_id_c4bce8eb_fk_django_co FOREIGN KEY (content_type_id) REFERENCES public.django_content_type(id) DEFERRABLE INITIALLY DEFERRED;


--
-- Name: django_admin_log django_admin_log_user_id_c564eba6_fk_users_customuser_id; Type: FK CONSTRAINT; Schema: public; Owner: davy
--

ALTER TABLE ONLY public.django_admin_log
    ADD CONSTRAINT django_admin_log_user_id_c564eba6_fk_users_customuser_id FOREIGN KEY (user_id) REFERENCES public.users_customuser(id) DEFERRABLE INITIALLY DEFERRED;


--
-- Name: users_customuser_groups users_customuser_gro_customuser_id_958147bf_fk_users_cus; Type: FK CONSTRAINT; Schema: public; Owner: davy
--

ALTER TABLE ONLY public.users_customuser_groups
    ADD CONSTRAINT users_customuser_gro_customuser_id_958147bf_fk_users_cus FOREIGN KEY (customuser_id) REFERENCES public.users_customuser(id) DEFERRABLE INITIALLY DEFERRED;


--
-- Name: users_customuser_groups users_customuser_groups_group_id_01390b14_fk_auth_group_id; Type: FK CONSTRAINT; Schema: public; Owner: davy
--

ALTER TABLE ONLY public.users_customuser_groups
    ADD CONSTRAINT users_customuser_groups_group_id_01390b14_fk_auth_group_id FOREIGN KEY (group_id) REFERENCES public.auth_group(id) DEFERRABLE INITIALLY DEFERRED;


--
-- Name: users_customuser_user_permissions users_customuser_use_customuser_id_5771478b_fk_users_cus; Type: FK CONSTRAINT; Schema: public; Owner: davy
--

ALTER TABLE ONLY public.users_customuser_user_permissions
    ADD CONSTRAINT users_customuser_use_customuser_id_5771478b_fk_users_cus FOREIGN KEY (customuser_id) REFERENCES public.users_customuser(id) DEFERRABLE INITIALLY DEFERRED;


--
-- Name: users_customuser_user_permissions users_customuser_use_permission_id_baaa2f74_fk_auth_perm; Type: FK CONSTRAINT; Schema: public; Owner: davy
--

ALTER TABLE ONLY public.users_customuser_user_permissions
    ADD CONSTRAINT users_customuser_use_permission_id_baaa2f74_fk_auth_perm FOREIGN KEY (permission_id) REFERENCES public.auth_permission(id) DEFERRABLE INITIALLY DEFERRED;


--
-- Name: users_pointimage users_pointimage_sensitive_point_id_6e05d1ab_fk_users_sen; Type: FK CONSTRAINT; Schema: public; Owner: davy
--

ALTER TABLE ONLY public.users_pointimage
    ADD CONSTRAINT users_pointimage_sensitive_point_id_6e05d1ab_fk_users_sen FOREIGN KEY (sensitive_point_id) REFERENCES public.users_sensitivepoint(id) DEFERRABLE INITIALLY DEFERRED;


--
-- Name: users_sensitivepoint users_sensitivepoint_created_by_id_f7befbca_fk_users_cus; Type: FK CONSTRAINT; Schema: public; Owner: davy
--

ALTER TABLE ONLY public.users_sensitivepoint
    ADD CONSTRAINT users_sensitivepoint_created_by_id_f7befbca_fk_users_cus FOREIGN KEY (created_by_id) REFERENCES public.users_customuser(id) DEFERRABLE INITIALLY DEFERRED;


--
-- Name: users_sensitivepoint users_sensitivepoint_problem_type_id_604116a4_fk_users_pro; Type: FK CONSTRAINT; Schema: public; Owner: davy
--

ALTER TABLE ONLY public.users_sensitivepoint
    ADD CONSTRAINT users_sensitivepoint_problem_type_id_604116a4_fk_users_pro FOREIGN KEY (problem_type_id) REFERENCES public.users_problemtype(id) DEFERRABLE INITIALLY DEFERRED;


--
-- PostgreSQL database dump complete
--

